name,price,image
Light Blue Star,65,IMG_3847.png
Red Star,65,IMG_3848.png
Black Star,65,IMG_3849.png
Dark Blue Star,65,IMG_3850.png
Pink Heart Outline,65,pinkheartoutlinegold.png
White Flower,65,whiteflowergold.png
Saturn Pink/Blue,65,saturngold.png
Cherry Heart,65,cherryheartgold.png
Camera,65,cameragold.png
Beach Scene,65,beachscenegold.png
Be Mine,65,beminegold.png
White Heart Claws,65,heartclawsgold.png
Blue Whale,65,bluewhalegold.png
Pink/Light Blue Envelope,65,pinklightblueenvelopegold.png
Black Cat,65,blackcatgold.png
8-Ball,65,IMG_1806.png
Yin-Yang Symbol,65,yinyanggold.png
Black Paw Print,65,IMG_3844.png
Black Star Outline,65,IMG_1811.png
Palm Trees/Sunset,65,palmtreessunsetgold.png
Soccer Ball,65,IMG_1764.png
Cherries,65,cherrygold.png
Pink Flower,65,IMG_1767.png
Pink Yin-Yang Heart,65,IMG_1769.png
Sunflower,65,IMG_1770.png
Blue Flower,65,IMG_1772.png
I Heart U,65,IMG_1773.png
Red Bow,65,IMG_1775.png
Double Red Hearts,65,IMG_1776.png
Cherry Bows,65,cherrybowsgold.png
Pink Digital Watch,65,pinkdigitalwatchgold.png
Bejeweled,65,bejeweledgold.png
Evileye ,65,evileyegold.png
Pink Crown,65,pinkcrowngold.png
Evileye Star,65,evileyestargold.png
Shit Happens,65,shithappensgold.png
Car Diamond Wheels,65,cargold.png
Moon/Star,65,moonstarsgold.png
Big Strawberry ,65,bigstrawberrygold.png
Rose,65,rosegold.png
Three Cherries,65,tricherriesgold.png
Pink Band Aid,65,pinkbandaidgold.png
Pink Bow,65,pinkbowgold.png
Pink Sexy,65,pinksexygold.png
Red Cocktail,65,redcocktailgold.png
Gold Flower,65,goldflowergold.png
Strawberry Gold,65,strawberryheartgold.png
Cheetah Print,65,cheetahprintgold.png
You are the Best!,65,youarethebestgold.png
Water Moon,65,watermoongold.png
Cocktails ,65,cocktailsgold.png
Heart Card,65,heartcardgold.png
Solid Red Heart,65,solidredheartgold.png
Italian Flag,65,italianflaggold.png
Save the Earth,65,savetheearthgold.png
Star Whale,65,starwhalegold.png
I'm the girl you die for,65,imthegirlyoudieforgold.png
Universe,65,universegold.png
Whale Tale ,65,whaletailgold.png
Melting Eye ,65,meltingeyegold.png
Controller,65,controllergold.png
Snake,65,snakegold.png
Poker Chip,65,pokerchipgold.png
Dripping Lips,65,drippinglipsgold.png
Origami,65,origamigold.png
Cat with Wings,65,catwingsgold.png
Choose Optimism,65,chooseoptimismgold.png
Earth Plane,65,earthplanegold.png
Butterfly,40,butterflyblack.png
Outline Heart,40,smallblackheart.png
Yin-Yang Symbol,40,yinandyangblack.png
Hollow Heart,40,doubleheartblack.png
Solid Square,40,squaresolidblack.png
Five-Pointed Star,40,cloverblack.png
Four-Pointed Star/Diamond,40,starblack.png
Target/Dot,40,8ballblack.png
Black & White Yin-Yang,40,heartyinblack.png
Crescent Moon,40,8ballblackmoon.png
Pink Skater Style,50,pinkskateboard.png
Sweet Spiderweb Heart,50,pinkheartweb.png
Flaming Strawberry,50,pinkcherryflame.png
Hot Stuff Charm,50,pinkhotstuff.png
Light Up My Life,50,pinkyoulightup.png
222 Butterfly Angel Number,50,pink222butterfly.png
Starry Butterfly,50,pinkstarbutterfly.png
Hot Rod Love,50,pinkcar.png
Target Heart,50,pinkoutlineheart.png
Ditsy Floral Pattern,50,pinkyellowflowers.png
Red Checkered Pattern,50,pinkcheckers.png
Retro Heart Hat,50,pinkheartring.png
Cherry 8-Ball,50,pinkcherry8ball.png
Lucky Pink Dice,50,pinkheartdice.png
Flaming 8-Ball,50,pink8ballflame.png
Q,65,qgold.png
W,65,wgold.png
X,65,xgold.png
B,65,bgold.png
R,65,rgold.png
G,65,ggold.png
H,65,hgold.png
D,65,dgold.png
U,65,ugold.png
Z,65,zgold.png
K,65,kgold.png
P,65,pgold.png
Y,65,ygold.png
A,65,agold.png
C,65,cgold.png
F,65,fgold.png
T,65,tgold.png
V,65,vgold.png
J,65,jgold.png
I,65,igold.png
Dog,65,IMG_3789.png
Dog,65,IMG_3790.png
Dog,65,IMG_3791.png
Dog,65,IMG_3793.png
Dog,65,IMG_3794.png
Dog,65,IMG_3796.png
Dog,65,IMG_3798.png
Dog,65,IMG_3799.png
Dog,65,IMG_3800.png
Dog,65,IMG_3801.png
Dog,65,IMG_3802.png
Dog,65,IMG_3803.png
Dog,65,IMG_3804.png
Dog,65,IMG_3805.png
Dog,65,IMG_3806.png
Dog,65,IMG_3807.png
Dog,65,IMG_3808.png
Dog,65,IMG_3809.png
Dog,65,IMG_3810.png
Dog,65,IMG_3811.png
Dog,65,IMG_3812.png
Floral,65,IMG_3758.png
Floral,65,IMG_3759.png
Floral,65,IMG_3760.png
Floral,65,IMG_3761.png
Floral,65,IMG_3764.png
Floral,65,IMG_3766.png
Floral,65,IMG_3767.png
Floral,65,IMG_3771.png
Floral,65,IMG_3772.png
Floral,65,IMG_3773.png
Floral,65,IMG_3774.png
Floral,65,IMG_3777.png
Floral,65,IMG_3779.png
Floral,65,IMG_3780.png
Floral,65,IMG_3783.png
Floral,65,IMG_3784.png
Floral,65,IMG_3788.png
Gem,65,IMG_1826.png
Gem,65,IMG_1827.png
Gem,65,IMG_1828.png
Gem,65,IMG_1829.png
Gem,65,IMG_1830.png
Gem,65,IMG_1831.png
Gem,65,IMG_1832.png
Gem,65,IMG_1833.png
Gem,65,IMG_1834.png
Gem,65,IMG_1835.png
Gem,65,IMG_1836.png
Gem,65,IMG_1837.png
Gem,65,IMG_1838.png
Gem,65,IMG_1839.png
Gem,65,IMG_1840.png
Gem,65,IMG_1841.png
Gem,65,IMG_1842.png
Gem,65,IMG_1843.png
Gem,65,IMG_1844.png
Gem,65,IMG_1845.png
Gem,65,IMG_1846.png
Gold Basic Design,40,IMG_1812.png
Gold Basic Design,40,IMG_1813.png
Gold Basic Design,40,IMG_1814.png
Gold Basic Design,40,IMG_1815.png
Gold Basic Design,40,IMG_1816.png
Gold Basic Design,40,IMG_1817.png
Gold Basic Design,40,IMG_1818.png
Gold Basic Design,40,IMG_1819.png
Gold Basic Design,40,IMG_1820.png
Gold Basic Design,40,IMG_1821.png
Gold Basic Design,40,IMG_1822.png
Gold Basic Design,40,IMG_1823.png
Gold Basic Design,40,IMG_1824.png
Gold Basic Design,40,IMG_1896.png
Gold Basic Design,40,IMG_1897.png
Gold Basic Design,40,IMG_1898.png
Gold Basic Design,40,IMG_1899.png
Gold Basic Design,40,IMG_1900.png
Gold Basic Design,40,IMG_1901.png
Gold Basic Design,40,IMG_1902.png
Gold Basic Design,40,IMG_1903.png
Gold Basic Design,40,IMG_1904.png
Gold Basic Design,40,IMG_1905.png
Gold Basic Design,40,IMG_1906.png
Gold Basic Design,40,IMG_1907.png
Gold Basic Design,40,IMG_1908.png
Gold Basic Design,40,IMG_1909.png
Gold Basic Design,40,IMG_1910.png
Gold Basic Design,40,IMG_1911.png
Gold Basic Design,40,IMG_1912.png
Gold Basic Design,40,IMG_1913.png
Gold Basic Design,40,IMG_1914.png
Gold Basic Design,40,IMG_1915.png
Gold Basic Design,40,IMG_1916.png
Gold Basic Design,40,IMG_1917.png
Gold Basic Design,40,IMG_1918.png
Gold Basic Design,40,IMG_1919.png
Gold Basic Design,40,IMG_1920.png
Gold Basic Design,40,IMG_1921.png
Gold Basic Design,40,IMG_1922.png
Gold Basic Design,40,IMG_1923.png
Gold Basic Design,40,IMG_1924.png
Gold Basic Design,40,IMG_1925.png
Gold Basic Design,40,IMG_1926.png
Gold Basic Design,40,IMG_1927.png
Gold Basic Design,40,IMG_1928.png
Gold Basic Design,40,IMG_1929.png
Gold Basic Design,40,IMG_1930.png
Gold Basic Design,40,IMG_1931.png
Gold Basic Design,40,IMG_1932.png
Gold Basic Design,40,IMG_1933.png
Gold Basic Design,40,IMG_1934.png
Gold Basic Design,40,IMG_1935.png
Gold Basic Design,40,IMG_1936.png
Gold Basic Design,40,IMG_1937.png
Gold Basic Design,40,IMG_1938.png
Gold Basic Design,40,IMG_1939.png
Gold Basic Design,40,IMG_1940.png
Gold Basic Design,40,IMG_1941.png
Gold Basic Design,40,IMG_1942.png
Gold Basic Design,40,IMG_1943.png
Gold Basic Design,40,IMG_1944.png
Gold Dangling,60,IMG_1703.png
Gold Dangling,60,IMG_1704.png
Gold Dangling,60,IMG_1705.png
Gold Dangling,60,IMG_1706.png
Gold Dangling,60,IMG_1707.png
Gold Dangling,60,IMG_1708.png
Gold Dangling,60,IMG_1709.png
Gold Dangling,60,IMG_1710.png
Gold Dangling,60,IMG_1711.png
Gold Dangling,60,IMG_1876.png
Gold Dangling,60,IMG_1877.png
Gold Dangling,60,IMG_1878.png
Gold Dangling,60,IMG_1879.png
Gold Dangling,60,IMG_1880.png
Gold Dangling,60,IMG_1881.png
Gold Dangling,60,IMG_1882.png
Gold Dangling,60,IMG_1883.png
Gold Dangling,60,IMG_1884.png
Gold Dangling,60,IMG_1885.png
Gold Dangling,60,IMG_1886.png
Gold Dangling,60,IMG_1887.png
Gold Dangling,60,IMG_1888.png
Gold Dangling,60,IMG_1889.png
Gold Dangling,60,IMG_1890.png
Gold Dangling,60,IMG_1891.png
Gold Dangling,60,IMG_1892.png
Gold Dangling,60,IMG_1893.png
Gold Dangling,60,IMG_1894.png
Gold Dangling,60,IMG_1895.png
Gold Diamond,50,IMG_1680.png
Gold Diamond,50,IMG_1681.png
Gold Diamond,50,IMG_1682.png
Gold Diamond,50,IMG_1683.png
Gold Diamond,50,IMG_1684.png
Gold Diamond,50,IMG_1685.png
Gold Diamond,50,IMG_1686.png
Gold Diamond,50,IMG_1687.png
Gold Diamond,50,IMG_1688.png
Gold Diamond,50,IMG_1689.png
Gold Diamond,50,IMG_1690.png
Gold Diamond,50,IMG_1691.png
Gold Diamond,50,IMG_1692.png
Gold Diamond,50,IMG_1693.png
Gold Diamond,50,IMG_1694.png
Gold Diamond,50,IMG_1695.png
Gold Diamond,50,IMG_1696.png
Gold Diamond,50,IMG_1697.png
Gold Diamond,50,IMG_1700.png
Gold Diamond,50,IMG_1702.png
That Ass Though,55,IMG_1745.png
It Comes In Waves,55,IMG_1746.png
New Day!,55,IMG_1747.png
Be kind to Yourself,55,IMG_1748.png
Better Than Yesterday,55,IMG_1749.png
Today is a Good Day,55,IMG_1750.png
You Go Girl,55,IMG_1751.png
You Can Do This,55,IMG_1752.png
No Bad Vibes,55,IMG_1753.png
Dont  Forget To Live,55,IMG_1754.png
Be True to You,55,IMG_1755.png
Love Myself,55,IMG_1756.png
Luck,55,IMG_1757.png
Feeling Lucky,55,IMG_1758.png
It's Good Day,55,IMG_1759.png
Go Ahead,55,IMG_1760.png
Lovely,55,IMG_1761.png
Dumb Days,55,IMG_1762.png
Keep on Growing,55,IMG_1763.png
Shit Happens,65,IMG_1032.png
Silver Gold,65,IMG_1401.png
Las Vegas,65,IMG_1403.png
Silver Gold,65,IMG_1779.png
Silver Gold,65,IMG_1781.png
Silver Gold,65,IMG_1782.png
Silver Gold,65,IMG_1783.png
Silver Gold,65,IMG_1784.png
Daddy's Girl,65,IMG_1785.png
DAD,65,IMG_1786.png
Silver Gold,65,IMG_1787.png
Be Mine,65,IMG_1788.png
SEXY,65,IMG_1792.png
Silver Gold,65,IMG_1793.png
Silver Gold,65,IMG_1795.png
Silver Gold,65,IMG_1870.png
Silver Series,65,IMG_1032.png
Silver Series,65,IMG_1402.png
Silver Series,65,IMG_1853.png
Silver Series,65,IMG_1854.png
Silver Series,65,IMG_1855.png
Silver Series,65,IMG_1856.png
Silver Series,65,IMG_1857.png
Silver Series,65,IMG_1858.png
Silver Series,65,IMG_1859.png
Silver Series,65,IMG_1860.png
Silver Series,65,IMG_1861.png
Silver Series,65,IMG_1862.png
Silver Series,65,IMG_1863.png
Silver Series,65,IMG_1864.png
Silver Series,65,IMG_1865.png
Silver Series,65,IMG_1866.png
Silver Series,65,IMG_1868.png
Silver Series,65,IMG_1975.png
Silver Basic Design,40,IMG_1712.png
Silver Basic Design,40,IMG_1713.png
Silver Basic Design,40,IMG_1714.png
Silver Basic Design,40,IMG_1715.png
Silver Basic Design,40,IMG_1716.png
Silver Basic Design,40,IMG_1717.png
Silver Basic Design,40,IMG_1718.png
Silver Basic Design,40,IMG_1719.png
Silver Basic Design,40,IMG_1720.png
Silver Basic Design,40,IMG_1721.png
Silver Basic Design,40,IMG_1722.png
Silver Basic Design,40,IMG_1723.png
Silver Basic Design,40,IMG_1724.png
Silver Basic Design,40,IMG_1725.png
Silver Basic Design,40,IMG_1726.png
Silver Basic Design,40,IMG_1727.png
Silver Basic Design,40,IMG_1728.png
Silver Basic Design,40,IMG_1729.png
Silver Food,70,IMG_1404.png
Silver Food,70,IMG_1946.png
Silver Food,70,IMG_1947.png
Silver Food,70,IMG_1948.png
Silver Food,70,IMG_1949.png
Silver Food,70,IMG_1950.png
Silver Food,70,IMG_1951.png
Silver Food,70,IMG_1952.png
Silver Food,70,IMG_1953.png
Silver Food,70,IMG_1954.png
Silver Food,70,IMG_1955.png
Silver Food,70,IMG_1956.png
Silver Food,70,IMG_1957.png
Silver Food,70,IMG_1958.png
Silver Food,70,IMG_1959.png
Silver Food,70,IMG_1960.png
Silver Food,70,IMG_1961.png
Silver Food,70,IMG_1962.png
Silver Food,70,IMG_1963.png
Silver Food,70,IMG_1964.png
Silver Food,70,IMG_1965.png
Silver Food,70,IMG_1966.png
Silver Food,70,IMG_1968.png
Silver Food,70,IMG_1969.png
Silver Food,70,IMG_1970.png
Silver Food,70,IMG_1971.png
Silver Food,70,IMG_1972.png
Silver Food,70,IMG_1973.png
Silver Food,70,IMG_1974.png
